{"cameraMode":{"drawMode":0,"name":"Shaded","section":"Shading Mode"},"sceneLighting":false,"audioPlay":false,"sceneViewState":{"showFog":true,"showMaterialUpdate":false,"showSkybox":false,"showFlares":true,"showImageEffects":true,"showParticleSystems":true},"in2DMode":false,"pivot":{"x":0.05000000447034836,"y":1.7999999523162842,"z":0.05000000074505806},"rotation":{"x":-0.14033940434455872,"y":-0.30164194107055666,"z":0.04494467377662659,"w":-0.9419708251953125},"size":3.3082404136657717,"orthographic":true}